{"cameraMode":{"drawMode":0,"name":"Shaded","section":"Shading Mode"},"sceneLighting":true,"audioPlay":false,"sceneViewState":{"m_AlwaysRefresh":false,"showFog":false,"showSkybox":true,"showFlares":true,"showImageEffects":true,"showParticleSystems":true,"showVisualEffectGraphs":true,"m_FxEnabled":true},"in2DMode":false,"pivot":{"x":9.738656044006348,"y":3.7814111709594728,"z":8.193412780761719},"rotation":{"x":0.5001860857009888,"y":0.005202688276767731,"z":-0.0029814213048666717,"w":0.8659305572509766},"size":9.846993446350098,"orthographic":false}