{"cameraMode":{"drawMode":0,"name":"Shaded","section":"Shading Mode"},"sceneLighting":true,"audioPlay":false,"sceneViewState":{"m_AlwaysRefresh":false,"showFog":false,"showSkybox":true,"showFlares":true,"showImageEffects":true,"showParticleSystems":true,"showVisualEffectGraphs":true,"m_FxEnabled":true},"in2DMode":false,"pivot":{"x":7.740851402282715,"y":0.3878464698791504,"z":6.3932342529296879},"rotation":{"x":0.3858969509601593,"y":-0.023522568866610528,"z":0.009850268252193928,"w":0.922208309173584},"size":4.9271464347839359,"orthographic":false}