{"cameraMode":{"drawMode":0,"name":"Shaded","section":"Shading Mode"},"sceneLighting":true,"audioPlay":false,"sceneViewState":{"m_AlwaysRefresh":false,"showFog":false,"showSkybox":true,"showFlares":true,"showImageEffects":true,"showParticleSystems":true,"showVisualEffectGraphs":true,"m_FxEnabled":true},"in2DMode":false,"pivot":{"x":0.473042368888855,"y":1.6151047945022584,"z":0.6346664428710938},"rotation":{"x":0.3158016800880432,"y":0.008540750481188298,"z":-0.0028272622730582954,"w":0.9488031268119812},"size":0.3923209607601166,"orthographic":false}