{"cameraMode":{"drawMode":0,"name":"Shaded","section":"Shading Mode"},"sceneLighting":true,"audioPlay":false,"sceneViewState":{"m_AlwaysRefresh":false,"showFog":false,"showSkybox":true,"showFlares":true,"showImageEffects":true,"showParticleSystems":true,"showVisualEffectGraphs":true,"m_FxEnabled":true},"in2DMode":false,"pivot":{"x":2.129347085952759,"y":0.36143016815185549,"z":4.070433616638184},"rotation":{"x":0.6318027973175049,"y":-0.05335179343819618,"z":0.043677374720573428,"w":0.772080659866333},"size":3.8099279403686525,"orthographic":false}