{"cameraMode":{"drawMode":0,"name":"Shaded","section":"Shading Mode"},"sceneLighting":true,"audioPlay":false,"sceneViewState":{"m_AlwaysRefresh":false,"showFog":false,"showSkybox":true,"showFlares":true,"showImageEffects":true,"showParticleSystems":true,"showVisualEffectGraphs":true,"m_FxEnabled":true},"in2DMode":false,"pivot":{"x":197.9074249267578,"y":447.3744201660156,"z":-5.204002380371094},"rotation":{"x":-0.028184786438941957,"y":0.017988450825214387,"z":0.0005213476251810789,"w":0.9994691610336304},"size":227.73638916015626,"orthographic":false}