{"cameraMode":{"drawMode":0,"name":"Shaded","section":"Shading Mode"},"sceneLighting":true,"audioPlay":false,"sceneViewState":{"m_AlwaysRefresh":false,"showFog":false,"showSkybox":true,"showFlares":true,"showImageEffects":true,"showParticleSystems":true,"showVisualEffectGraphs":true,"m_FxEnabled":true},"in2DMode":false,"pivot":{"x":4.5143046379089359,"y":204.47738647460938,"z":-67.27245330810547},"rotation":{"x":-0.000046361143176909536,"y":0.9999607801437378,"z":-0.007808560971170664,"w":-0.005699323955923319},"size":40.54606246948242,"orthographic":false}