{"cameraMode":{"drawMode":0,"name":"Shaded","section":"Shading Mode"},"sceneLighting":false,"audioPlay":false,"sceneViewState":{"m_AlwaysRefresh":false,"showFog":false,"showSkybox":false,"showFlares":true,"showImageEffects":true,"showParticleSystems":true,"showVisualEffectGraphs":true,"m_FxEnabled":true},"in2DMode":false,"pivot":{"x":2.7575435638427736,"y":-1.365798830986023,"z":3.81569504737854},"rotation":{"x":0.23083549737930299,"y":-0.18404649198055268,"z":0.044540222734212878,"w":0.9544206261634827},"size":1.2030813694000245,"orthographic":false}